Type,Name,Request Count,Failure Count,Median Response Time,Average Response Time,Min Response Time,Max Response Time,Average Content Size,Requests/s,Failures/s,50%,66%,75%,80%,90%,95%,98%,99%,99.9%,99.99%,100%
GET,GET /araclar,219,0,580,818.8343917811183,243.33470000419766,4165.526600001613,1983.0,3.753792783095235,0.0,580,870,1100,1300,1700,2000,2600,3200,4200,4200,4200
GET,GET /requests/prioritized,425,0,690,919.9413997652557,291.3437000242993,4693.542399996659,88832.19764705883,7.284757684088927,0.0,690,970,1300,1500,1700,2100,2600,3500,4700,4700,4700
GET,GET /requests/task-packages,218,0,520,813.0541105510094,237.49749999842606,3330.1718000147957,10099.0,3.736652176779732,0.0,520,780,1200,1400,1800,2000,2400,2900,3300,3300,3300
POST,POST /talep-gonder,675,0,3,83.20093496396483,1.8236000032629818,4016.581700008828,125.40296296296296,11.569909262964766,0.0,3,4,4,5,9,17,2100,2100,4000,4000,4000
,Aggregated,1537,0,330,522.9058255700032,1.8236000032629818,4693.542399996659,26333.24007807417,26.34511190692866,0.0,330,520,730,930,1600,1900,2400,2700,4500,4700,4700
